train_type,station_id,station_name,,arrive,depart,stop_seq
普通,nakatsu,中津,,05:34,1
普通,higashinakatsu,,東中津,05:38,05:38,2
普通,imatsu,今津,05:41,05:42,3
普通,tenjin,天津,05:44,05:44,4
普通,buzen_zenkouji,豊前善光寺,05:47,05:47,5
普通,yanagigaura,柳ヶ浦,05:51,05:51,6
普通,buzen_nagasu,豊前長洲,05:53,05:54,7
普通,usa,宇佐,05:57,05:58,8
普通,nishiyashiki,西屋敷,06:01,06:01,9
普通,tateishi,立石,06:05,06:06,10
普通,nakayamaga,中山香,06:10,06:10,11
普通,kitsuki,杵築,06:17,06:18,12
普通,oogami,大神,06:22,06:22,13
普通,hiji,日出,06:26,06:27,14
普通,youtani,暘谷,06:28,06:29,15
普通,bugo_toyooka,豊後豊岡,06:31,06:32,16
普通,kamegawa,亀川,06:35,06:36,17
普通,beppudaigaku,別府大学,,06:38,06:39,18
普通,beppu,別府,06:42,06:43,19
普通,higashibepu,東別府,06:46,06:46,20
普通,nishioita,西大分,06:53,06:54,21
普通,oita,大分,06:57,07:12,22
普通,maki,牧,07:15,07:16,23
普通,takajo,高城,07:18,07:18,24
普通,tsuruzaki,鶴崎,07:21,07:22,25
普通,oza,大在,07:26,07:27,26
普通,sakanichi,坂ノ市,07:30,07:30,27
普通,kozaki,幸崎,07:34,07:35,28
普通,sashiu,佐志生,07:41,07:42,29
普通,shimonoe,下ノ江,07:44,07:45,30
普通,kumasaki,熊崎,07:49,07:50,31
普通,kamiusuki,上臼杵,07:53,07:54,32
普通,usuki,臼杵,07:56,08:01,33
普通,tsukumi,津久見,08:10,08:11,34
普通,hishiro,日代,08:16,08:18,35
普通,asamiai,浅海井,08:22,08:23,36
普通,kariuo,狩生,08:27,08:27,37
普通,umizaki,海崎,08:30,08:31,38
普通,saiki,佐伯,08:35,,39
普通,nakatsu,中津,,06:00,1
普通,higashinakatsu,東中津,06:04,06:04,2
普通,imatsu,今津,06:07,06:08,3
普通,tenjin,天津,06:10,06:11,4
普通,buzen_zenkouji,豊前善光寺,06:14,06:14,5
普通,yanagigaura,柳ヶ浦,06:17,06:18,6
普通,buzen_nagasu,豊前長洲,06:20,06:20,7
普通,usa,宇佐,06:24,06:24,8
普通,nishiyashiki,西屋敷,06:28,06:28,9
普通,tateishi,立石,06:33,06:33,10
普通,nakayamaga,中山香,06:37,06:38,11
普通,kitsuki,杵築,06:45,06:46,12
普通,oogami,大神,06:50,06:50,13
普通,hiji,日出,06:54,06:54,14
普通,youtani,暘谷,06:57,06:57,15
普通,bugo_toyooka,豊後豊岡,07:01,07:01,16
普通,kamegawa,亀川,07:05,07:06,17
普通,beppudaigaku,別府大学,07:08,07:09,18
普通,beppu,別府,07:13,07:14,19
普通,higashibepu,東別府,07:16,07:17,20
普通,nishioita,西大分,07:25,07:25,21
普通,oita,大分,07:29,,22
普通,nakatsu,中津,06:34,06:35,23
普通,higashinakatsu,東中津,06:39,06:39,24
普通,imatsu,今津,06:42,06:43,25
普通,tenjin,天津,06:45,06:46,26
普通,buzen_zenkouji,豊前善光寺,06:49,06:49,27
普通,yanagigaura,柳ヶ浦,06:52,06:53,28
普通,buzen_nagasu,豊前長洲,06:55,06:55,29
普通,usa,宇佐,06:59,,30
普通,nakatsu,中津,07:45,07:51,1
普通,higashinakatsu,,東中津,07:56,07:56,2
普通,imatsu,今津,07:59,08:00,3
普通,tenjin,天津,08:02,08:03,4
普通,buzen_zenkouji,豊前善光寺,08:06,08:06,5
普通,yanagigaura,柳ヶ浦,08:10,08:10,6
普通,buzen_nagasu,豊前長洲,08:12,08:13,7
普通,usa,宇佐,08:17,08:18,8
普通,nishiyashiki,西屋敷,08:21,08:22,9
普通,tateishi,立石,08:27,08:27,10
普通,nakayamaga,中山香,08:32,08:32,11
普通,kitsuki,杵築,08:40,08:41,12
普通,oogami,大神,08:45,08:46,13
普通,hiji,日出,08:50,08:50,14
普通,youtani,暘谷,08:52,08:52,15
普通,bugo_toyooka,豊後豊岡,08:55,08:56,16
普通,kamegawa,亀川,09:00,09:00,17
普通,beppudaigaku,別府大学,,09:03,09:03,18
普通,beppu,別府,09:07,09:08,19
普通,higashibepu,東別府,09:10,09:11,20
普通,nishioita,西大分,09:18,09:19,21
普通,oita,大分,09:23,,22
普通,nakatsu,中津,,09:13,1
普通,higashinakatsu,東中津,09:18,09:18,2
普通,imazu,今津,09:21,09:22,3
普通,amatsu,天津,09:24,09:24,4
普通,buzenzenkoji,豊前善光寺,09:27,09:27,5
普通,yanagigaura,柳ヶ浦,09:31,09:31,6
普通,buzennagasu,豊前長洲,09:33,09:34,7
普通,usa,宇佐,09:38,09:38,8
普通,nishiyashiki,西屋敷,09:41,09:42,9
普通,tateishi,立石,09:46,09:46,10
普通,nakayama_ga,中山香,09:51,09:58,11
普通,kitsuki,杵築,10:05,10:06,12
普通,oogami,大神,10:09,10:10,13
普通,hiji,日出,10:13,10:14,14
普通,youtani,暘谷,10:16,10:16,15
普通,bugo_toyooka,豊後豊岡,10:19,10:20,16
普通,kamegawa,亀川,10:23,10:24,17
普通,beppudaigaku,別府大学,10:26,10:26,18
普通,beppu,別府,10:30,10:38,19
普通,higashibeppu,東別府,10:41,10:41,20
普通,nishioita,西大分,10:49,10:49,21
普通,oita,大分,10:52,,22
普通,nakatsu,中津,,10:05,1
普通,higashinakatsu,東中津,10:10,10:10,2
普通,imazu,今津,10:13,10:14,3
普通,amatsu,天津,10:16,10:17,4
普通,buzenzenkoji,豊前善光寺,10:19,10:20,5
普通,yanagigaura,柳ヶ浦,10:24,10:28,6
普通,buzennagasu,豊前長洲,10:31,10:31,7
普通,usa,宇佐,10:35,10:36,8
普通,nishiyashiki,西屋敷,10:39,10:39,9
普通,tateishi,立石,10:43,10:44,10
普通,nakayama_ga,中山香,10:48,10:49,11
普通,kitsuki,杵築,10:56,10:57,12
普通,oogami,大神,11:00,11:03,13
普通,hiji,日出,11:07,11:08,14
普通,youtani,暘谷,11:09,11:10,15
普通,bugo_toyooka,豊後豊岡,11:13,11:13,16
普通,kamegawa,亀川,11:17,11:17,17
普通,beppudaigaku,別府大学,11:19,11:20,18
普通,beppu,別府,11:24,11:32,19
普通,higashibeppu,東別府,11:35,11:35,20
普通,nishioita,西大分,11:42,11:43,21
普通,oita,大分,11:46,11:48,22
普通,maki,牧,11:52,11:53,23
普通,takajo,高城,11:55,11:56,24
普通,tsurumi,鶴崎,11:59,12:01,25
普通,oozai,大在,12:05,12:05,26
普通,sakanoichi,坂ノ市,12:08,12:09,27
普通,kozakino,幸崎,12:13,,28
普通,nakatsu,中津,,11:18,1
普通,higashinakatsu,東中津,11:22,11:23,2
普通,imazu,今津,11:26,11:26,3
普通,amatsu,天津,11:28,11:29,4
普通,buzenzenkoji,豊前善光寺,11:31,11:32,5
普通,yanagigaura,柳ケ浦,11:35,11:36,6
普通,buzennagasu,豊前長洲,11:38,11:39,7
普通,usa,宇佐,11:43,11:43,8
普通,nishiyashiki,西屋敷,11:47,11:48,9
普通,tateishi,立石,11:52,11:52,10
普通,nakayama_ga,中山香,11:56,11:57,11
普通,kitsuki,杵築,12:04,12:05,12
普通,oogami,大神,12:09,12:18,13
普通,hiji,日出,12:22,12:22,14
普通,youtani,暘谷,12:24,12:24,15
普通,bugo_toyooka,豊後豊岡,12:27,12:27,16
普通,kamegawa,亀川,12:31,12:31,17
普通,beppudaigaku,別府大学,12:33,12:34,18
普通,beppu,別府,12:37,12:37,19
普通,higashibeppu,東別府,12:40,12:40,20
普通,nishioita,西大分,12:47,12:48,21
普通,oita,大分,12:51,12:52,22
普通,maki,牧,12:55,12:56,23
普通,takajo,高城,12:58,12:58,24
普通,tsurumi,鶴崎,13:01,13:01,25
普通,oozai,大在,13:05,13:05,26
普通,sakanoichi,坂ノ市,13:09,13:09,27
普通,kozakino,幸崎,13:14,,28
普通,nakatsu,中津,,13:16,1
普通,higashinakatsu,東中津,13:20,13:21,2
普通,imazu,今津,13:24,13:24,3
普通,amatsu,天津,13:27,13:27,4
普通,buzenzenkoji,豊前善光寺,13:30,13:31,5
普通,yanagigaura,柳ヶ浦,13:34,13:35,6
普通,buzennagasu,豊前長洲,13:37,13:37,7
普通,usa,宇佐,13:41,13:42,8
普通,nishiyashiki,西屋敷,13:45,13:46,9
普通,tateishi,立石,13:50,13:51,10
普通,nakayama_ga,中山香,13:55,13:56,11
普通,kitsuki,杵築,14:04,14:07,12
普通,oogami,大神,14:11,14:19,13
普通,hiji,日出,14:22,14:23,14
普通,youtani,暘谷,14:24,14:25,15
普通,bugo_toyooka,豊後豊岡,14:28,14:28,16
普通,kamegawa,亀川,14:32,14:32,17
普通,beppudaigaku,別府大学,14:35,14:35,18
普通,beppu,別府,14:38,14:39,19
普通,higashibeppu,東別府,14:41,14:42,20
普通,nishioita,西大分,14:49,14:50,21
普通,oita,大分,14:52,15:11,22
普通,maki,牧,15:14,15:15,23
普通,takajo,高城,15:17,15:17,24
普通,tsurumi,鶴崎,15:20,15:21,25
普通,oozai,大在,15:24,15:25,26
普通,sakanoichi,坂ノ市,15:28,15:31,27
普通,kozakino,幸崎,15:35,,28
普通,nakatsu,中津,,15:15,1
普通,higashinakatsu,東中津,15:19,15:20,2
普通,imazu,今津,15:22,15:23,3
普通,amatsu,天津,15:25,15:26,4
普通,buzenzenkoji,豊前善光寺,15:28,15:29,5
普通,yanagigaura,柳ケ浦,15:32,15:32,6
普通,buzennagasu,豊前長洲,15:35,15:35,7
普通,usa,宇佐,15:39,,8
普通,nakatsu,中津,,16:19,1
普通,higashinakatsu,東中津,16:23,16:24,2
普通,imazu,今津,16:26,16:27,3
普通,amatsu,天津,16:29,16:30,4
普通,buzenzenkoji,豊前善光寺,16:32,16:33,5
普通,yanagigaura,柳ケ浦,16:36,16:36,6
普通,buzennagasu,豊前長洲,16:38,16:39,7
普通,usa,宇佐,16:43,,8
普通,nakatsu,中津,,16:47,1
普通,higashinakatsu,東中津,16:52,16:52,2
普通,imazu,今津,16:55,16:55,3
普通,amatsu,天津,16:58,16:58,4
普通,buzenzenkoji,豊前善光寺,17:01,17:01,5
普通,yanagigaura,柳ケ浦,17:04,17:05,6
普通,buzennagasu,豊前長洲,17:07,17:07,7
普通,usa,宇佐,17:12,,8
普通,nakatsu,中津,,17:50,1
普通,higashinakatsu,東中津,17:54,17:55,2
普通,imatsu,今津,17:57,17:58,3
普通,tenjin,天津,18:00,18:01,4
普通,buzen_zenkouji,豊前善光寺,18:03,18:04,5
普通,yanagigaura,柳ヶ浦,18:07,18:08,6
普通,buzen_nagasu,豊前長洲,18:10,18:10,7
普通,usa,宇佐,18:14,18:15,8
普通,nishiyashiki,西屋敷,18:18,18:19,9
普通,tateishi,立石,18:23,18:23,10
普通,nakayamaga,中山香,18:27,18:36,11
普通,kitsuki,杵築,18:43,18:44,12
普通,oogami,大神,18:48,18:49,13
普通,hiji,日出,18:52,18:53,14
普通,youtani,暘谷,18:54,18:55,15
普通,bugo_toyooka,豊後豊岡,18:58,18:58,16
普通,kamegawa,亀川,19:02,19:02,17
普通,beppudaigaku,別府大学,19:04,19:05,18
普通,beppu,別府,19:08,19:09,19
普通,higashibepu,東別府,19:11,19:12,21
普通,nishioita,西大分,19:19,19:19,22
普通,oita,大分,19:23,,23
普通,nakatsu,中津,,18:23,1
普通,higashinakatsu,東中津,18:28,18:28,2
普通,imatsu,今津,18:31,18:31,3
普通,tenjin,天津,18:34,18:34,4
普通,buzen_zenkouji,豊前善光寺,18:37,18:37,5
普通,yanagigaura,柳ヶ浦,18:40,18:41,6
普通,buzen_nagasu,豊前長洲,18:43,18:44,7
普通,usa,宇佐,18:48,18:48,8
普通,nishiyashiki,西屋敷,18:52,18:52,9
普通,tateishi,立石,18:56,18:57,10
普通,nakayamaga,中山香,19:01,19:10,11
普通,kitsuki,杵築,19:17,19:19,12
普通,oogami,大神,19:24,19:24,13
普通,hiji,日出,19:28,19:28,14
普通,youtani,暘谷,19:30,19:30,15
普通,bugo_toyooka,豊後豊岡,19:33,19:33,16
普通,kamegawa,亀川,19:37,19:37,17
普通,beppudaigaku,別府大学,19:39,19:40,18
普通,beppu,別府,19:43,19:44,19
普通,higashibepu,東別府,19:46,19:47,21
普通,nishioita,西大分,19:54,19:54,22
普通,oita,大分,19:58,20:08,23
普通,maki,牧,20:12,20:12,24
普通,takajo,高城,20:15,20:15,25
普通,tsuruzaki,鶴崎,20:19,20:19,26
普通,oza,大在,20:23,20:23,27
普通,sakanoue,坂ノ市,20:26,20:27,28
普通,kozaki,幸崎,20:31,,29
普通,nakatsu,中津,19:00,19:05,1
普通,higashinakatsu,東中津,19:09,19:10,2
普通,imatsu,今津,19:13,19:13,3
普通,tenjin,天津,19:16,19:16,4
普通,buzen_zenkouji,豊前善光寺,19:19,19:19,5
普通,yanagigaura,柳ヶ浦,19:23,,6
普通,nakatsu,中津,19:24,19:24,1
普通,higashinakatsu,東中津,19:28,19:29,2
普通,imatsu,今津,19:32,19:33,3
普通,tenjin,天津,19:35,19:36,4
普通,buzen_zenkouji,豊前善光寺,19:38,19:39,5
普通,yanagigaura,柳ヶ浦,19:43,,6
普通,nakatsu,中津,,20:27,1
普通,higashinakatsu,東中津,20:31,20:31,2
普通,imatsu,今津,20:34,20:35,3
普通,tenjin,天津,20:37,20:38,4
普通,buzen_zenkouji,豊前善光寺,20:41,20:41,5
普通,yanagigaura,柳ヶ浦,20:41,20:45,6
普通,buzen_nagasu,豊前長洲,20:47,20:48,7
普通,usa,宇佐,20:52,20:52,8
普通,nishiyashiki,西屋敷,20:56,20:57,9
普通,tateishi,立石,21:01,21:02,10
普通,nakayamaga,中山香,21:06,21:07,11
普通,kitsuki,杵築,21:21,21:27,12
普通,oogami,大神,21:31,21:31,13
普通,hiji,日出,21:35,21:35,14
普通,youtani,暘谷,21:37,21:38,15
普通,bugo_toyooka,豊後豊岡,21:41,21:41,16
普通,kamegawa,亀川,21:45,21:45,17
普通,beppudaigaku,別府大学,21:48,21:48,18
普通,beppu,別府,21:52,21:52,19
普通,higashibeppu,東別府,21:55,21:56,20
普通,nishioita,西大分,22:03,22:03,21
普通,oita,大分,22:07,22:19,22
普通,maki,牧,22:23,22:23,23
普通,takajo,高城,22:25,22:26,24
普通,tsurusaki,鶴崎,22:28,22:29,25
普通,oita-otsu,大在,22:32,22:33,26
普通,sakanoichi,坂ノ市,22:36,22:36,27
普通,shiosaki,幸崎,22:40,22:43,28
普通,sashiu,佐志生,22:50,22:50,29
普通,shimoe,下ノ江,22:53,22:53,30
普通,kuzaki,熊崎,22:57,22:58,31
普通,kamiusuki,上臼杵,23:01,23:01,32
普通,usuki,臼杵,23:03,23:04,33
普通,tsukumi,津久見,23:15,23:15,34
普通,hishiro,日代,23:20,23:21,35
普通,asamiai,浅海井,23:25,23:25,36
普通,kariuo,狩生,23:29,23:30,37
普通,umizaki,海崎,23:33,23:34,38
普通,saiki,佐伯,23:38,,39
普通,nakatsu,中津,21:00,21:01,1
普通,higashinakatsu,東中津,21:05,21:06,2
普通,imazu,今津,21:09,21:09,3
普通,amatsu,天津,21:12,21:12,4
普通,buzenzenkoji,豊前善光寺,21:15,21:15,5
普通,yanagigaura,柳ヶ浦,21:19,21:19,6
普通,buzennagasu,豊前長洲,21:21,21:21,7
普通,usa,宇佐,21:26,,8
普通,nakatsu,中津,21:38,21:47,1
普通,higashinakatsu,東中津,21:51,21:51,2
普通,imazu,今津,21:54,21:55,3
普通,amatsu,天津,21:57,21:58,4
普通,buzenzenkoji,豊前善光寺,22:01,22:01,5
普通,yanagigaura,柳ヶ浦,22:04,,6
普通,nakatsu,中津,22:51,22:52,1
普通,higashinakatsu,東中津,22:56,22:56,2
普通,imazu,今津,22:59,23:00,3
普通,amatsu,天津,23:02,23:03,4
普通,buzenzenkoji,豊前善光寺,23:06,23:06,5
普通,yanagigaura,柳ヶ浦,23:10,,6
普通,nakatsu,中津,23:18,23:18,1
普通,higashinakatsu,東中津,23:23,23:23,2
普通,imazu,今津,23:26,23:27,3
普通,amatsu,天津,23:29,23:30,4
普通,buzenzenkoji,豊前善光寺,23:33,23:33,5
普通,yanagigaura,柳ヶ浦,23:36,,6
普通,nakatsu,中津,23:54,23:54,1
普通,higashinakatsu,東中津,23:58,23:59,2
普通,imazu,今津,00:02,00:02,3
普通,amatsu,天津,00:05,00:05,4
普通,buzenzenkoji,豊前善光寺,00:08,00:08,5
普通,yanagigaura,柳ヶ浦,00:11,,6
普通,nakatsu,中津,00:28,00:29,1
普通,higashinakatsu,東中津,00:33,00:33,2
普通,imazu,今津,00:36,00:37,3
普通,amatsu,天津,00:39,00:40,4
普通,buzenzenkoji,豊前善光寺,00:43,00:43,5
普通,yanagigaura,柳ヶ浦,00:46,,6
特急,nakatsu,中津,,06:47,1
特急,yanagigaura,柳ケ浦,06:57,06:58,2
特急,usa,宇佐,07:03,07:04,3
特急,kitsuki,杵築,07:20,07:22,4
特急,kamegawa,亀川,07:33,07:33,5
特急,beppu,別府,07:38,07:39,6
特急,oita,大分,07:49,,7
特急,nakatsu,中津,07:14,07:15,1
特急,yanagigaura,柳ケ浦,07:25,07:26,2
特急,usa,宇佐,07:31,07:31,3
特急,kitsuki,杵築,07:47,07:49,4
特急,kamegawa,亀川,07:58,07:59,5
特急,beppu,別府,08:03,08:04,6
特急,oita,大分,08:14,08:16,7
特急,tsurumi,鶴崎,08:23,08:24,8
特急,kozakino,幸崎,08:35,08:42,9
特急,kuwagasaki,臼杵,08:56,08:57,10
特急,tsunokuni,津久見,09:07,09:08,11
特急,saga,佐伯,09:25,09:26,12
特急,nobeoka,延岡,10:31,10:33,13
特急,minaminobeoka,南延岡,10:36,10:37,14
特急,nakatsu,中津,07:48,07:49,1
特急,yanagigaura,柳ケ浦,07:59,07:59,2
特急,usa,宇佐,08:04,08:04,3
特急,kitsuki,杵築,08:18,08:19,4
特急,beppu,別府,08:32,08:33,6
特急,oita,大分,08:44,,7
特急,nakatsu,中津,08:38,08:39,1
特急,yanagigaura,柳ケ浦,08:48,08:49,2
特急,usa,宇佐,08:53,08:54,3
特急,kitsuki,杵築,09:08,09:09,4
特急,beppu,別府,09:22,09:22,5
特急,oita,大分,09:32,,6
特急,nakatsu,中津,09:09,09:10,1
特急,kitsuki,杵築,09:38,09:38,2
特急,beppu,別府,09:53,09:53,3
特急,oita,大分,10:03,10:08,4
特急,tsurusaki,鶴崎,10:15,10:15,5
特急,usuki,臼杵,10:37,10:39,6
特急,tsukumi,津久見,10:48,10:49,7
特急,saiki,佐伯,11:05,11:06,8
特急,nobeoka,延岡,12:07,12:08,9
特急,minaminobeoka,南延岡,12:12,,10
特急,nakatsu,中津,09:31,09:31,1
特急,yanagigaura,柳ケ浦,09:41,09:41,2
特急,usa,宇佐,09:46,09:46,3
特急,kitsuki,杵築,10:00,10:02,4
特急,beppu,別府,10:15,10:15,5
特急,oita,大分,10:35,,6
特急,nakatsu,中津,09:50,09:50,1
特急,yanagigaura,柳ケ浦,10:01,10:01,2
特急,usa,宇佐,10:06,10:06,3
特急,kitsuki,杵築,10:20,10:21,4
特急,beppu,別府,10:34,10:34,5
特急,oita,大分,10:44,,6
特急,nakatsu,中津,10:16,10:17,1
特急,beppu,別府,10:55,10:55,2
特急,oita,大分,11:05,,3
特急,nakatsu,中津,10:44,10:44,1
特急,yanagigaura,柳ケ浦,10:54,10:55,2
特急,usa,宇佐,10:59,11:00,3
特急,kitsuki,杵築,11:13,11:14,4
特急,kamegawa,亀川,11:25,11:25,5
特急,beppu,別府,11:29,11:30,6
特急,oita,大分,11:40,,7
特急,nakatsu,中津,11:14,11:15,1
特急,beppu,別府,11:54,11:54,2
特急,oita,大分,12:04,,3
特急,nakatsu,中津,11:42,11:42,1
特急,yanagigaura,柳ケ浦,11:52,11:53,2
特急,usa,宇佐,11:57,11:58,3
特急,kitsuki,杵築,12:12,12:12,4
特急,beppu,別府,12:25,12:26,5
特急,oita,大分,12:36,,6
特急,nakatsu,中津,12:12,12:12,1
特急,beppu,別府,12:51,12:52,2
特急,oita,大分,13:01,,3
特急,nakatsu,中津,12:42,12:42,1
特急,yanagigaura,柳ケ浦,12:52,12:53,2
特急,usa,宇佐,12:57,12:58,3
特急,kitsuki,杵築,13:12,13:12,4
特急,beppu,別府,13:26,13:27,5
特急,oita,大分,13:37,,6
特急,nakatsu,中津,13:12,13:12,1
特急,beppu,別府,13:51,13:52,2
特急,oita,大分,14:02,,3
特急,nakatsu,中津,13:42,13:43,1
特急,yanagigaura,柳ケ浦,13:52,13:53,2
特急,usa,宇佐,13:57,13:58,3
特急,kitsuki,杵築,14:12,14:12,4
特急,kamegawa,亀川,14:23,14:24,5
特急,beppu,別府,14:28,14:28,6
特急,oita,大分,14:38,,7
特急,nakatsu,中津,14:12,14:12,1
特急,beppu,別府,14:52,14:52,2
特急,oita,大分,15:02,,3
特急,nakatsu,中津,14:42,14:43,1
特急,yanagigaura,柳ケ浦,14:52,14:53,2
特急,usa,宇佐,14:57,14:58,3
特急,kitsuki,杵築,15:12,15:12,4
特急,beppu,別府,15:25,15:26,5
特急,oita,大分,15:36,,6
特急,nakatsu,中津,15:12,15:12,1
特急,beppu,別府,15:54,15:55,2
特急,oita,大分,16:04,,3
特急,nakatsu,中津,15:43,15:44,1
特急,yanagigaura,柳ケ浦,15:53,15:54,2
特急,usa,宇佐,15:58,15:59,3
特急,kitsuki,杵築,16:13,16:14,4
特急,beppu,別府,16:27,16:28,5
特急,oita,大分,16:37,,6
特急,nakatsu,中津,16:12,16:13,1
特急,beppu,別府,16:51,16:51,2
特急,oita,大分,17:01,,3
特急,nakatsu,中津,16:43,16:43,1
特急,yanagigaura,柳ケ浦,16:53,16:54,2
特急,usa,宇佐,16:58,16:59,3
特急,kitsuki,杵築,17:12,17:13,4
特急,beppu,別府,17:26,17:27,5
特急,oita,大分,17:37,,6
特急,nakatsu,中津,17:15,17:15,1
特急,yanagigaura,柳ケ浦,17:25,17:25,2
特急,beppu,別府,17:55,17:55,3
特急,oita,大分,18:05,,4
特急,nakatsu,中津,17:43,17:44,1
特急,yanagigaura,柳ケ浦,17:53,17:54,2
特急,usa,宇佐,17:58,17:59,3
特急,kitsuki,杵築,18:13,18:13,4
特急,kamegawa,亀川,18:24,18:24,5
特急,beppu,別府,18:28,18:29,6
特急,oita,大分,18:39,,7
特急,nakatsu,中津,18:14,18:14,1
特急,beppu,別府,18:52,18:53,2
特急,oita,大分,19:02,19:03,3
特急,tsuruzaki,鶴崎,19:10,19:11,4
特急,oza,大在,19:14,19:14,5
特急,usuki,臼杵,19:38,19:39,6
特急,tsukumi,津久見,19:47,19:49,7
特急,saiki,佐伯,20:09,,8
特急,nakatsu,中津,18:43,18:44,1
特急,yanagigaura,柳ケ浦,18:53,18:54,2
特急,usa,宇佐,18:58,18:59,3
特急,kitsuki,杵築,19:13,19:13,4
特急,beppu,別府,19:26,19:27,5
特急,oita,大分,19:37,,6
特急,nakatsu,中津,19:03,19:03,1
特急,yanagigaura,柳ケ浦,19:14,19:14,2
特急,usa,宇佐,19:19,19:20,3
特急,kitsuki,杵築,19:34,19:36,4
特急,beppu,別府,19:51,19:52,5
特急,oita,大分,20:02,,6
特急,nakatsu,中津,19:16,19:17,1
特急,kitsuki,杵築,19:42,19:43,2
特急,beppu,別府,19:56,19:57,3
特急,oita,大分,20:07,,4
特急,nakatsu,中津,19:46,19:47,1
特急,yanagigaura,柳ケ浦,19:57,19:58,2
特急,usa,宇佐,20:02,20:03,3
特急,kitsuki,杵築,20:17,20:18,4
特急,beppu,別府,20:32,20:32,5
特急,oita,大分,20:42,,6
特急,nakatsu,中津,20:16,20:17,1
特急,kitsuki,杵築,20:42,20:43,2
特急,beppu,別府,20:56,20:56,3
特急,oita,大分,21:06,,4
特急,nakatsu,中津,20:48,20:49,1
特急,yanagigaura,柳ケ浦,21:00,21:00,2
特急,usa,宇佐,21:05,21:05,3
特急,kitsuki,杵築,21:21,21:22,4
特急,beppu,別府,21:35,21:36,5
特急,oita,大分,21:45,,6
特急,nakatsu,中津,21:21,21:22,1
特急,yanagigaura,柳ケ浦,21:31,21:32,2
特急,usa,宇佐,21:36,21:37,3
特急,kitsuki,杵築,21:51,21:52,4
特急,kamegawa,亀川,22:03,22:03,5
特急,beppu,別府,22:07,22:08,6
特急,oita,大分,22:18,,7
特急,nakatsu,中津,21:44,21:44,1
特急,yanagigaura,柳ケ浦,21:54,21:55,2
特急,usa,宇佐,21:59,22:00,3
特急,kitsuki,杵築,22:14,22:15,4
特急,beppu,別府,22:29,22:29,5
特急,oita,大分,22:39,,6
特急,nakatsu,中津,22:27,21:28,1
特急,yanagigaura,柳ケ浦,22:38,22:38,2
特急,usa,宇佐,22:43,22:43,3
特急,kitsuki,杵築,22:57,22:58,4
特急,kamegawa,亀川,23:10,23:11,5
特急,beppu,別府,23:15,23:15,6
特急,oita,大分,23:25,,7
特急,nakatsu,中津,23:38,23:39,1
特急,yanagigaura,柳ケ浦,23:49,23:50,2
特急,usa,宇佐,23:55,23:55,3
特急,kitsuki,杵築,00:11,00:12,4
特急,beppu,別府,00:25,00:25,5
特急,oita,大分,00:35,,6

特急,oita,大分,,07:00,1
特急,tsuruzaki,鶴崎,07:06,07:07,2
特急,oza,大在,07:17,07:19,3
特急,usuki,臼杵,07:38,07:39,4
特急,tsukumi,津久見,07:49,07:52,5
特急,saiki,佐伯,08:12,08:13,6
特急,nobeoka,延岡,09:10,09:14,7
特急,minaminobeoka,南延岡,09:17,09:18,8
特急,oita,大分,08:14,08:16,1
特急,tsuruzaki,鶴崎,08:23,08:24,2
特急,kozaki,幸崎,08:35,08:42,3
特急,usuki,臼杵,08:56,08:57,4
特急,tsukumi,津久見,07:49,07:52,5
特急,saiki,佐伯,08:12,08:13,6
特急,nobeoka,延岡,09:10,09:14,5
特急,minaminobeoka,南延岡,09:17,09:18,6
特急,oita,大分,10:03,10:08,1
特急,tsuruzaki,鶴崎,10:15,10:15,2
特急,usuki,臼杵,10:37,10:39,3
特急,tsukumi,津久見,10:48,10:49,4
特急,saiki,佐伯,11:05,11:06,5
特急,nobeoka,延岡,12:07,12:08,6
特急,minaminobeoka,南延岡,12:12,12:12,7
特急,oita,大分,,12:07,1
特急,tsuruzaki,鶴崎,12:14,12:15,2
特急,usuki,臼杵,12:36,12:37,3
特急,tsukumi,津久見,12:46,12:47,4
特急,saiki,佐伯,13:08,13:10,5
特急,nobeoka,延岡,14:07,14:09,6
特急,minaminobeoka,南延岡,14:13,14:14,7
特急,oita,大分,,14:06,1
特急,tsuruzaki,鶴崎,14:13,14:15,2
特急,usuki,臼杵,14:39,14:40,3
特急,tsukumi,津久見,14:49,14:50,4
特急,saiki,佐伯,15:09,15:09,5
特急,nobeoka,延岡,16:09,16:12,6
特急,minaminobeoka,南延岡,16:16,16:18,7
特急,oita,大分,,16:06,1
特急,tsuruzaki,鶴崎,16:14,16:15,2
特急,usuki,臼杵,16:47,16:49,3
特急,tsukumi,津久見,16:58,16:59,4
特急,saiki,佐伯,17:16,17:17,5
特急,nobeoka,延岡,18:18,18:20,6
特急,minaminobeoka,南延岡,18:24,18:25,7
特急,oita,大分,,17:06,1
特急,tsuruzaki,鶴崎,17:13,17:14,2
特急,usuki,臼杵,17:38,17:40,3
特急,tsukumi,津久見,17:49,17:50,4
特急,saiki,佐伯,18:08,18:10,5
特急,nobeoka,延岡,19:09,19:11,6
特急,minaminobeoka,南延岡,19:15,19:16,7
特急,oita,大分,,18:07,1
特急,tsuruzaki,鶴崎,18:14,18:14,2
特急,kozaki,幸崎,18:22,18:27,3
特急,usuki,臼杵,18:41,18:47,4
特急,tsukumi,津久見,18:55,18:59,5
特急,saiki,佐伯,19:18,19:19,6
特急,nobeoka,延岡,20:17,20:19,7
特急,minaminobeoka,南延岡,20:23,20:26,8
特急,oita,大分,19:02,19:03,1
特急,tsuruzaki,鶴崎,19:10,19:11,2
特急,oza,大在,19:14,19:14,3
特急,usuki,臼杵,19:38,19:39,4
特急,tsukumi,津久見,19:47,19:49,5
特急,saiki,佐伯,20:09,,6
特急,oita,大分,,20:19,1
特急,tsuruzaki,鶴崎,20:26,20:27,2
特急,kozaki,幸崎,20:37,20:38,3
特急,usuki,臼杵,20:53,20:54,4
特急,tsukumi,津久見,21:03,21:05,5
特急,saiki,佐伯,21:23,21:26,6
特急,nobeoka,延岡,21:26,21:29,7
特急,minaminobeoka,南延岡,22:33,22:34,8
普通,oita,大分,,06:18,1
普通,maki,牧,06:21,06:22,2
普通,takajo,高城,06:24,06:25,3
普通,tsuruzaki,鶴崎,06:28,06:28,4
普通,oza,大在,06:32,06:33,5
普通,sakanichi,坂ノ市,06:36,06:37,6
普通,kozaki,幸崎,06:41,06:44,7
普通,sashiu,佐志生,06:50,06:51,8
普通,shimonoe,下ノ江,06:54,06:54,9
普通,kumasaki,熊崎,06:58,06:59,10
普通,kamiusuki,上臼杵,07:02,07:03,11
普通,usuki,臼杵,07:05,07:08,12
普通,tsukumi,津久見,07:17,07:18,13
普通,hishiro,日代,07:24,07:24,14
普通,asamiai,浅海井,07:28,07:29,15
普通,kariuo,狩生,07:33,07:34,16
普通,umizaki,海崎,07:37,07:37,17
普通,saiki,佐伯,07:41,,18
普通,oita,大分,,06:35,1
普通,maki,牧,06:39,06:39,2
普通,takajo,高城,06:41,06:42,3
普通,tsuruzaki,鶴崎,06:45,06:47,4
普通,oza,大在,06:50,06:53,5
普通,sakanichi,坂ノ市,06:56,06:57,6
普通,kozaki,幸崎,07:01,,7
普通,oita,大分,07:18,07:21,1
普通,maki,牧,07:24,07:25,2
普通,takajo,高城,07:27,07:27,3
普通,tsuruzaki,鶴崎,07:30,07:31,4
普通,oza,大在,07:34,07:35,5
普通,sakanichi,坂ノ市,07:38,07:40,6
普通,kozaki,幸崎,07:44,07:49,7
普通,sashiu,佐志生,07:56,07:57,8
普通,shimonoe,下ノ江,07:59,08:00,9
普通,kumasaki,熊崎,08:04,08:07,10
普通,kamiusuki,上臼杵,08:10,08:11,11
普通,usuki,臼杵,08:13,,12
普通,oita,大分,07:43,07:47,1
普通,maki,牧,07:50,07:51,2
普通,takajo,高城,07:53,07:54,3
普通,tsuruzaki,鶴崎,07:57,08:05,4
普通,oza,大在,08:08,08:09,5
普通,sakanichi,坂ノ市,08:12,08:13,6
普通,kozaki,幸崎,08:17,,7
普通,oita,大分,08:11,08:19,1
普通,maki,牧,08:23,08:24,2
普通,takajo,高城,08:26,08:27,3
普通,tsuruzaki,鶴崎,08:30,08:32,4
普通,oza,大在,08:35,08:36,5
普通,sakanichi,坂ノ市,08:39,08:46,6
普通,kozaki,幸崎,08:50,08:54,7
普通,sashiu,佐志生,09:01,09:01,8
普通,shimonoe,下ノ江,09:04,09:04,9
普通,kumasaki,熊崎,09:08,09:09,10
普通,kamiusuki,上臼杵,09:12,09:12,11
普通,usuki,臼杵,09:15,,12
普通,oita,大分,08:41,08:50,1
普通,maki,牧,08:54,08:54,2
普通,takajo,高城,08:56,08:57,3
普通,tsuruzaki,鶴崎,09:00,09:02,4
普通,oza,大在,09:06,09:06,5
普通,sakanichi,坂ノ市,09:10,09:13,6
普通,kozaki,幸崎,09:18,,7
普通,oita,大分,09:06,09:15,1
普通,maki,牧,09:18,09:19,2
普通,takajo,高城,09:21,09:21,3
普通,tsuruzaki,鶴崎,09:24,09:25,4
普通,oza,大在,09:28,09:28,5
普通,sakanichi,坂ノ市,09:32,09:33,6
普通,kozaki,幸崎,09:36,09:37,7
普通,sashiu,佐志生,09:43,09:46,8
普通,shimonoe,下ノ江,09:49,09:52,9
普通,kumasaki,熊崎,09:56,09:57,10
普通,kamiusuki,上臼杵,10:00,10:00,11
普通,usuki,臼杵,10:03,10:05,12
普通,tsukumi,津久見,10:15,10:15,13
普通,hishiro,日代,10:21,10:25,14
普通,asamiai,浅海井,10:29,10:29,15
普通,kariuo,狩生,10:34,10:34,16
普通,umizaki,海崎,10:37,10:38,17
普通,saiki,佐伯,10:41,,18
普通,oita,大分,09:42,09:50,1
普通,maki,牧,09:53,09:54,2
普通,takajo,高城,09:56,09:57,3
普通,tsuruzaki,鶴崎,09:59,10:00,4
普通,oza,大在,10:03,10:04,5
普通,sakanichi,坂ノ市,10:07,10:08,6
普通,kozaki,幸崎,10:12,10:12,7
普通,sashiu,佐志生,10:18,10:19,8
普通,shimonoe,下ノ江,10:21,10:22,9
普通,kumasaki,熊崎,10:26,10:27,10
普通,kamiusuki,上臼杵,10:30,10:30,11
普通,usuki,臼杵,10:33,,12
普通,oita,大分,,10:37,1
普通,maki,牧,10:40,10:41,2
普通,takajo,高城,10:43,10:43,3
普通,tsuruzaki,鶴崎,10:46,10:47,4
普通,oza,大在,10:50,10:51,5
普通,sakanichi,坂ノ市,10:54,10:58,6
普通,kozaki,幸崎,11:02,,7
普通,oita,大分,11:20,11:24,1
普通,maki,牧,11:28,11:28,2
普通,takajo,高城,11:30,11:31,3
普通,tsuruzaki,鶴崎,11:34,11:34,4
普通,oza,大在,11:38,11:38,5
普通,sakanichi,坂ノ市,11:41,11:44,6
普通,kozaki,幸崎,11:48,11:52,7
普通,sashiu,佐志生,11:59,11:59,8
普通,shimonoe,下ノ江,12:02,12:02,9
普通,kumasaki,熊崎,12:06,12:06,10
普通,kamiusuki,上臼杵,12:09,12:10,11
普通,usuki,臼杵,12:12,12:21,12
普通,tsukumi,津久見,12:30,12:31,13
普通,hishiro,日代,12:36,12:36,14
普通,asamiai,浅海井,12:40,12:41,15
普通,kariuo,狩生,12:45,12:48,16
普通,umizaki,海崎,12:51,12:51,17
普通,saiki,佐伯,12:55,,18
普通,oita,大分,11:46,11:48,1
普通,maki,牧,11:52,11:53,2
普通,takajo,高城,11:55,11:56,3
普通,tsuruzaki,鶴崎,11:59,12:01,4
普通,oza,大在,12:05,12:05,5
普通,sakanichi,坂ノ市,12:08,12:09,6
普通,kozaki,幸崎,12:13,,7
普通,oita,大分,12:17,12:25,1
普通,maki,牧,12:29,12:30,2
普通,takajo,高城,12:32,12:33,3
普通,tsuruzaki,鶴崎,12:36,12:38,4
普通,oza,大在,12:41,12:41,5
普通,sakanichi,坂ノ市,12:44,12:45,6
普通,kozaki,幸崎,12:49,12:49,7
普通,sashiu,佐志生,12:56,12:56,8
普通,shimonoe,下ノ江,12:59,13:00,9
普通,kumasaki,熊崎,13:04,13:04,10
普通,kamiusuki,上臼杵,13:07,13:08,11
普通,usuki,臼杵,13:10,13:21,12
普通,tsukumi,津久見,13:30,13:32,13
普通,hishiro,日代,13:37,13:38,14
普通,asamiai,浅海井,13:42,13:43,15
普通,kariuo,狩生,13:47,13:48,16
普通,umizaki,海崎,13:51,13:51,17
普通,saiki,佐伯,13:55,,18
普通,oita,大分,12:51,12:52,1
普通,maki,牧,12:55,12:56,2
普通,takajo,高城,12:58,12:58,3
普通,tsuruzaki,鶴崎,13:01,13:01,4
普通,oza,大在,13:05,13:05,5
普通,sakanichi,坂ノ市,13:09,13:09,6
普通,kozaki,幸崎,13:14,,7
普通,oita,大分,13:18,13:22,1
普通,maki,牧,13:26,13:26,2
普通,takajo,高城,13:28,13:29,3
普通,tsuruzaki,鶴崎,13:32,13:33,4
普通,oza,大在,13:36,13:37,5
普通,sakanichi,坂ノ市,13:40,13:41,6
普通,kozaki,幸崎,13:45,13:46,7
普通,sashiu,佐志生,13:52,13:53,8
普通,shimonoe,下ノ江,13:56,13:56,9
普通,kumasaki,熊崎,14:00,14:01,10
普通,kamiusuki,上臼杵,14:04,14:04,11
普通,usuki,臼杵,14:06,,12
普通,oita,大分,13:43,13:45,1
普通,maki,牧,13:49,13:49,2
普通,takajo,高城,13:52,13:52,3
普通,tsuruzaki,鶴崎,13:55,13:56,4
普通,oza,大在,14:00,14:00,5
普通,sakanichi,坂ノ市,14:04,14:05,6
普通,kozaki,幸崎,14:09,14:09,7
普通,sashiu,佐志生,14:16,14:16,8
普通,shimonoe,下ノ江,14:19,14:24,9
普通,kumasaki,熊崎,14:28,14:29,10
普通,kamiusuki,上臼杵,14:32,14:32,11
普通,usuki,臼杵,14:35,,12
普通,oita,大分,14:24,14:27,1
普通,maki,牧,14:31,14:31,2
普通,takajo,高城,14:34,14:34,3
普通,tsuruzaki,鶴崎,14:37,14:38,4
普通,oza,大在,14:41,14:47,5
普通,sakanichi,坂ノ市,14:51,14:51,6
普通,kozaki,幸崎,14:55,15:02,7
普通,sashiu,佐志生,15:08,15:09,8
普通,shimonoe,下ノ江,15:11,15:12,9
普通,kumasaki,熊崎,15:16,15:17,10
普通,kamiusuki,上臼杵,15:20,15:21,11
普通,usuki,臼杵,15:23,15:23,12
普通,tsukumi,津久見,15:33,15:33,13
普通,hishiro,日代,15:39,15:39,14
普通,asamiai,浅海井,15:43,15:44,15
普通,kariuo,狩生,15:48,15:49,16
普通,umizaki,海崎,15:52,15:52,17
普通,saiki,佐伯,15:56,,18
普通,oita,大分,14:52,15:11,1
普通,maki,牧,15:14,15:15,2
普通,takajo,高城,15:17,15:17,3
普通,tsuruzaki,鶴崎,15:20,15:21,4
普通,oza,大在,15:24,15:25,5
普通,sakanichi,坂ノ市,15:28,15:31,6
普通,kozaki,幸崎,15:35,,7
普通,oita,大分,15:23,15:25,1
普通,maki,牧,15:28,15:29,2
普通,takajo,高城,15:31,15:31,3
普通,tsuruzaki,鶴崎,15:35,15:35,4
普通,oza,大在,15:39,15:39,5
普通,sakanichi,坂ノ市,15:42,15:45,6
普通,kozaki,幸崎,15:50,15:50,7
普通,sashiu,佐志生,15:57,15:58,8
普通,shimonoe,下ノ江,16:00,16:01,9
普通,kumasaki,熊崎,16:05,16:05,10
普通,kamiusuki,上臼杵,16:09,16:09,11
普通,usuki,臼杵,16:11,16:13,12
普通,tsukumi,津久見,16:23,16:24,13
普通,hishiro,日代,16:30,16:31,14
普通,asamiai,浅海井,16:35,16:35,15
普通,kariuo,狩生,16:40,16:40,16
普通,umizaki,海崎,16:43,16:44,17
普通,saiki,佐伯,16:48,,18
普通,oita,大分,,15:43,1
普通,maki,牧,15:47,15:48,2
普通,takajo,高城,15:50,15:50,3
普通,tsuruzaki,鶴崎,15:54,15:54,4
普通,oza,大在,15:58,15:58,5
普通,sakanichi,坂ノ市,16:02,16:02,6
普通,kozaki,幸崎,16:06,16:07,7
普通,sashiu,佐志生,16:14,16:14,8
普通,shimonoe,下ノ江,16:17,16:19,9
普通,kumasaki,熊崎,16:23,16:24,10
普通,kamiusuki,上臼杵,16:27,16:27,11
普通,usuki,臼杵,16:30,,12
普通,oita,大分,15:54,16:11,1
普通,maki,牧,16:15,16:15,2
普通,takajo,高城,16:18,16:18,3
普通,tsuruzaki,鶴崎,16:21,16:22,4
普通,oza,大在,16:26,16:26,5
普通,sakanichi,坂ノ市,16:29,16:33,6
普通,kozaki,幸崎,16:36,16:37,7
普通,sashiu,佐志生,16:43,16:44,8
普通,shimonoe,下ノ江,16:46,16:47,9
普通,kumasaki,熊崎,16:50,16:51,10
普通,kamiusuki,上臼杵,16:54,16:55,11
普通,usuki,臼杵,16:57,17:09,12
普通,tsukumi,津久見,17:18,17:25,13
普通,hishiro,日代,17:30,17:31,14
普通,asamiai,浅海井,17:35,17:35,15
普通,kariuo,狩生,17:39,17:40,16
普通,umizaki,海崎,17:43,17:43,17
普通,saiki,佐伯,17:47,,18
普通,oita,大分,16:18,16:22,1
普通,maki,牧,16:26,16:26,2
普通,takajo,高城,16:29,16:29,3
普通,tsuruzaki,鶴崎,16:32,16:33,4
普通,oza,大在,16:36,,5
普通,oita,大分,16:46,16:50,1
普通,maki,牧,16:53,16:54,2
普通,takajo,高城,16:56,16:56,3
普通,tsuruzaki,鶴崎,16:59,17:00,4
普通,oza,大在,17:03,17:04,5
普通,sakanichi,坂ノ市,17:07,17:08,6
普通,kozaki,幸崎,17:12,,7
普通,oita,大分,,17:11,1
普通,maki,牧,17:15,17:15,2
普通,takajo,高城,17:17,17:18,3
普通,tsuruzaki,鶴崎,17:21,17:22,4
普通,oza,大在,17:25,,5
普通,oita,大分,17:18,17:21,1
普通,maki,牧,17:25,17:25,2
普通,takajo,高城,17:28,17:28,3
普通,tsuruzaki,鶴崎,17:31,17:37,4
普通,oza,大在,17:40,17:41,5
普通,sakanichi,坂ノ市,17:44,17:45,6
普通,kozaki,幸崎,17:49,17:49,7
普通,sashiu,佐志生,17:55,17:56,8
普通,shimonoe,下ノ江,17:59,17:59,9
普通,kumasaki,熊崎,18:03,18:04,10
普通,kamiusuki,上臼杵,18:07,18:07,11
普通,usuki,臼杵,18:10,18:13,12
普通,tsukumi,津久見,18:23,18:23,13
普通,hishiro,日代,18:29,18:29,14
普通,asamiai,浅海井,18:33,18:34,15
普通,kariuo,狩生,18:38,18:38,16
普通,umizaki,海崎,18:42,18:46,17
普通,saiki,佐伯,18:49,,18
普通,oita,大分,17:46,17:49,1
普通,maki,牧,17:52,17:53,2
普通,takajo,高城,17:55,17:56,3
普通,tsuruzaki,鶴崎,17:59,17:59,4
普通,oza,大在,18:03,18:04,5
普通,sakanichi,坂ノ市,18:07,18:08,6
普通,kozaki,幸崎,18:13,18:13,7
普通,sashiu,佐志生,18:20,18:21,8
普通,shimonoe,下ノ江,18:24,18:24,9
普通,kumasaki,熊崎,18:29,18:29,10
普通,kamiusuki,上臼杵,18:32,18:33,11
普通,usuki,臼杵,18:35,18:36,12
普通,tsukumi,津久見,18:46,18:46,13
普通,hishiro,日代,18:52,18:55,14
普通,asamiai,浅海井,18:59,19:00,15
普通,kariuo,狩生,19:04,19:05,16
普通,umizaki,海崎,19:08,19:08,17
普通,saiki,佐伯,19:12,,18
普通,oita,大分,,18:10,1
普通,maki,牧,18:13,18:14,2
普通,takajo,高城,18:16,18:17,3
普通,tsuruzaki,鶴崎,18:20,18:22,4
普通,oza,大在,18:25,18:26,5
普通,sakanichi,坂ノ市,18:29,18:29,6
普通,kozaki,幸崎,18:33,,7
普通,oita,大分,,18:23,1
普通,maki,牧,18:26,18:27,2
普通,takajo,高城,18:29,18:29,3
普通,tsuruzaki,鶴崎,18:32,18:35,4
普通,oza,大在,18:39,18:39,5
普通,sakanichi,坂ノ市,18:42,18:45,6
普通,kozaki,幸崎,18:49,18:49,7
普通,sashiu,佐志生,18:55,18:56,8
普通,shimonoe,下ノ江,18:58,18:59,9
普通,kumasaki,熊崎,19:03,19:03,10
普通,kamiusuki,上臼杵,19:06,19:07,11
普通,usuki,臼杵,19:08,19:09,12
普通,tsukumi,津久見,19:19,19:19,13
普通,hishiro,日代,19:24,19:25,14
普通,asamiai,浅海井,19:29,19:29,15
普通,kariuo,狩生,19:33,19:34,16
普通,umizaki,海崎,19:37,19:37,17
普通,saiki,佐伯,19:41,,18
普通,oita,大分,18:30,18:43,1
普通,maki,牧,18:46,18:47,2
普通,takajo,高城,18:49,18:50,3
普通,tsuruzaki,鶴崎,18:52,18:53,4
普通,oza,大在,18:56,18:57,5
普通,sakanichi,坂ノ市,19:00,19:01,6
普通,kozaki,幸崎,19:04,19:05,7
普通,sashiu,佐志生,19:12,19:18,8
普通,shimonoe,下ノ江,19:21,19:21,9
普通,kumasaki,熊崎,19:25,19:26,10
普通,kamiusuki,上臼杵,19:29,19:29,11
普通,usuki,臼杵,19:32,,12
普通,oita,大分,18:47,18:49,1
普通,maki,牧,18:53,18:53,2
普通,takajo,高城,18:56,18:56,3
普通,tsuruzaki,鶴崎,19:00,19:00,4
普通,oza,大在,19:04,19:04,5
普通,sakanichi,坂ノ市,19:08,19:10,6
普通,kozaki,幸崎,19:14,,7
普通,oita,大分,19:13,19:15,1
普通,maki,牧,19:18,19:19,2
普通,takajo,高城,19:21,19:22,3
普通,tsuruzaki,鶴崎,19:25,19:25,4
普通,oza,大在,19:29,19:30,5
普通,sakanichi,坂ノ市,19:33,19:34,6
普通,kozaki,幸崎,19:38,,7
普通,oita,大分,,19:43,1
普通,maki,牧,19:46,19:47,2
普通,takajo,高城,19:49,19:49,3
普通,tsuruzaki,鶴崎,19:52,19:55,4
普通,oza,大在,19:58,19:59,5
普通,sakanichi,坂ノ市,20:02,20:03,6
普通,kozaki,幸崎,20:07,20:07,7
普通,sashiu,佐志生,20:14,20:14,8
普通,shimonoe,下ノ江,20:17,20:17,9
普通,kumasaki,熊崎,20:21,20:24,10
普通,kamiusuki,上臼杵,20:27,20:28,11
普通,usuki,臼杵,20:30,20:30,12
普通,tsukumi,津久見,20:40,20:40,13
普通,hishiro,日代,20:45,20:46,14
普通,asamiai,浅海井,20:49,20:50,15
普通,kariuo,狩生,20:54,20:54,16
普通,umizaki,海崎,20:58,21:04,17
普通,saiki,佐伯,21:07,,18
普通,oita,大分,19:58,20:08,1
普通,maki,牧,20:12,20:12,2
普通,takajo,高城,20:15,20:15,3
普通,tsuruzaki,鶴崎,20:19,20:19,4
普通,oza,大在,20:23,20:23,5
普通,sakanichi,坂ノ市,20:26,20:27,6
普通,kozaki,幸崎,20:31,,7
普通,oita,大分,,19:43,1
普通,maki,牧,19:46,19:47,2
普通,takajo,高城,19:49,19:49,3
普通,tsuruzaki,鶴崎,19:52,19:55,4
普通,oza,大在,19:58,19:59,5
普通,sakanichi,坂ノ市,20:02,20:03,6
普通,kozaki,幸崎,20:07,20:07,7
普通,sashiu,佐志生,20:14,20:14,8
普通,shimonoe,下ノ江,20:17,20:17,9
普通,kumasaki,熊崎,20:21,20:24,10
普通,kamiusuki,上臼杵,20:27,20:28,11
普通,usuki,臼杵,20:30,20:30,12
普通,tsukumi,津久見,20:40,20:40,13
普通,hishiro,日代,20:45,20:46,14
普通,asamiai,浅海井,20:49,20:50,15
普通,kariuo,狩生,20:54,20:54,16
普通,umizaki,海崎,20:58,21:04,17
普通,saiki,佐伯,21:07,,18
普通,oita,大分,,20:31,1
普通,maki,牧,20:35,20:35,2
普通,takajo,高城,20:38,20:39,3
普通,tsuruzaki,鶴崎,20:42,20:46,4
普通,oza,大在,20:49,20:50,5
普通,sakanichi,坂ノ市,20:53,20:53,6
普通,kozaki,幸崎,20:57,20:58,7
普通,sashiu,佐志生,21:04,21:07,8
普通,shimonoe,下ノ江,21:10,21:11,9
普通,kumasaki,熊崎,21:15,21:15,10
普通,kamiusuki,上臼杵,21:19,21:19,11
普通,usuki,臼杵,21:21,21:34,12
普通,tsukumi,津久見,21:44,21:45,13
普通,hishiro,日代,21:50,21:53,14
普通,asamiai,浅海井,21:57,21:58,15
普通,kariuo,狩生,22:02,22:03,16
普通,umizaki,海崎,22:06,22:07,17
普通,saiki,佐伯,22:11,,18
普通,oita,大分,20:52,21:12,1
普通,maki,牧,21:16,21:16,2
普通,takajo,高城,21:18,21:19,3
普通,tsuruzaki,鶴崎,21:22,21:22,4
普通,oza,大在,21:25,21:26,5
普通,sakanichi,坂ノ市,21:29,21:30,6
普通,kozaki,幸崎,21:34,,7
普通,oita,大分,21:42,21:47,1
普通,maki,牧,21:51,21:52,2
普通,takajo,高城,21:54,21:54,3
普通,tsuruzaki,鶴崎,21:57,21:58,4
普通,oza,大在,22:01,22:02,5
普通,sakanichi,坂ノ市,22:05,22:05,6
普通,kozaki,幸崎,22:09,22:14,7
普通,sashiu,佐志生,22:21,22:21,8
普通,shimonoe,下ノ江,22:24,22:24,9
普通,kumasaki,熊崎,22:28,22:29,10
普通,kamiusuki,上臼杵,22:32,22:32,11
普通,usuki,臼杵,22:34,22:35,12
普通,tsukumi,津久見,22:46,22:46,13
普通,hishiro,日代,22:51,22:52,14
普通,asamiai,浅海井,22:55,22:56,15
普通,kariuo,狩生,23:00,23:01,16
普通,umizaki,海崎,23:04,23:04,17
普通,saiki,佐伯,23:08,,18
普通,oita,大分,22:07,22:19,1
普通,maki,牧,22:23,22:23,2
普通,takajo,高城,22:25,22:26,3
普通,tsuruzaki,鶴崎,22:28,22:29,4
普通,oza,大在,22:32,22:33,5
普通,sakanichi,坂ノ市,22:36,22:36,6
普通,kozaki,幸崎,22:40,22:43,7
普通,sashiu,佐志生,22:50,22:50,8
普通,shimonoe,下ノ江,22:53,22:53,9
普通,kumasaki,熊崎,22:57,22:58,10
普通,kamiusuki,上臼杵,23:01,23:01,11
普通,usuki,臼杵,23:03,23:04,12
普通,tsukumi,津久見,23:15,23:15,13
普通,hishiro,日代,23:20,23:21,14
普通,asamiai,浅海井,23:25,23:25,15
普通,kariuo,狩生,23:29,23:30,16
普通,umizaki,海崎,23:33,23:34,17
普通,saiki,佐伯,23:38,,18
普通,oita,大分,22:26,22:46,1
普通,maki,牧,22:49,22:50,2
普通,takajo,高城,22:52,22:55,3
普通,tsuruzaki,鶴崎,22:58,22:58,4
普通,oza,大在,23:02,23:05,5
普通,sakanichi,坂ノ市,23:05,23:06,6
普通,kozaki,幸崎,23:11,,7
普通,oita,大分,,23:30,1
普通,maki,牧,23:34,23:34,2
普通,takajo,高城,23:36,23:39,3
普通,tsuruzaki,鶴崎,23:40,23:40,4
普通,oza,大在,23:44,23:44,5
普通,sakanichi,坂ノ市,23:47,23:48,6
普通,kozaki,幸崎,23:52,23:52,7
普通,sashiu,佐志生,23:59,23:59,8
普通,shimonoe,下ノ江,00:02,00:02,9
普通,kumasaki,熊崎,00:06,00:07,10
普通,kamiusuki,上臼杵,00:10,00:10,11
普通,usuki,臼杵,00:13,,12

普通,kamegawa,亀川,,05:46,1
普通,beppudaigaku,別府大学,05:48,05:49,2
普通,beppu,別府,05:52,05:53,3
普通,higashibepu,東別府,05:55,05:56,4
普通,nishioita,西大分,06:03,06:03,5
普通,oita,大分,06:07,,6
普通,hiji,日出,,06:46,1
普通,youtani,暘谷,06:48,06:48,2
普通,bugo_toyooka,豊後豊岡,06:51,06:52,3
普通,kamegawa,亀川,06:55,06:56,4
普通,beppudaigaku,別府大学,,06:58,06:58,5
普通,beppu,別府,07:02,07:03,6
普通,higashibepu,東別府,07:06,07:06,7
普通,nishioita,西大分,07:14,07:14,8
普通,nakayamaga,中山香,,06:56,1
普通,kitsuki,杵築,07:03,07:04,2
普通,oogami,大神,07:07,07:08,3
普通,hiji,日出,07:11,07:12,4
普通,youtani,暘谷,07:13,07:14,5
普通,bugo_toyooka,豊後豊岡,07:17,07:17,6
普通,kamegawa,亀川,07:21,07:22,7
普通,beppudaigaku,別府大学,07:24,07:24,8
普通,beppu,別府,07:28,07:29,9
普通,higashibepu,東別府,07:32,07:32,10
普通,nishioita,西大分,07:39,07:40,11
普通,kamegawa,亀川,,07:36,1
普通,beppudaigaku,別府大学,,07:39,07:40,2
普通,beppu,別府,07:43,07:44,3
普通,higashibepu,東別府,07:46,07:47,4
普通,nishioita,西大分,07:54,07:54,5
普通,oita,大分,07:58,,6
普通,yanagigaura,柳ヶ浦,,07:01,1
普通,buzennagasu,豊前長洲,07:03,07:04,2
普通,usa,宇佐,07:07,07:08,3
普通,nishiyashiki,西屋敷,07:11,07:11,4
普通,tateishi,立石,07:15,07:16,5
普通,nakayama_ga,中山香,07:20,07:20,6
普通,kitsuki,杵築,07:27,07:28,7
普通,oogami,大神,07:32,07:35,8
普通,hiji,日出,07:38,07:39,9
普通,youtani,暘谷,07:40,07:41,10
普通,bugo_toyooka,豊後豊岡,07:44,07:44,11
普通,kamegawa,亀川,07:48,07:48,12
普通,beppudaigaku,別府大学,07:51,07:51,13
普通,beppu,別府,07:55,07:56,14
普通,higashibeppu,東別府,07:59,07:59,15
普通,nishioita,西大分,08:07,08:07,16
普通,kamegawa,亀川,,08:02,1
普通,beppudaigaku,別府大学,08:05,08:06,2
普通,beppu,別府,08:09,08:10,3
普通,higashibepu,東別府,08:13,08:14,4
普通,nishioita,西大分,08:21,08:22,5
普通,oita,大分,08:25,,6
普通,kitsuki,杵築,,08:00,1
普通,oogami,大神,08:04,08:07,2
普通,hiji,日出,08:10,08:11,3
普通,youtani,暘谷,08:12,08:13,4
普通,bugo_toyooka,豊後豊岡,08:16,08:16,5
普通,kamegawa,亀川,08:20,08:20,6
普通,beppudaigaku,別府大学,,08:23,08:23,7
普通,beppu,別府,08:26,08:27,8
普通,higashibepu,東別府,08:29,08:30,9
普通,nishioita,西大分,08:37,08:37,10
普通,kamegawa,亀川,,08:45,1
普通,beppudaigaku,別府大学,08:47,08:48,2
普通,beppu,別府,08:51,08:52,3
普通,higashibepu,東別府,08:54,08:55,4
普通,nishioita,西大分,09:02,09:02,5
普通,kamegawa,亀川,,09:12,1
普通,beppudaigaku,別府大学,09:14,09:15,2
普通,beppu,別府,09:18,09:27,3
普通,higashibepu,東別府,09:30,09:31,4
普通,nishioita,西大分,09:38,09:38,5
普通,nakayamaga,中山香,,09:16,1
普通,kitsuki,杵築,09:23,09:24,2
普通,oogami,大神,09:28,09:31,3
普通,hiji,日出,09:34,09:35,4
普通,youtani,暘谷,09:36,09:37,5
普通,bugo_toyooka,豊後豊岡,09:40,09:40,6
普通,kamegawa,亀川,09:44,09:52,7
普通,beppudaigaku,別府大学,09:55,09:55,8
普通,beppu,別府,09:58,09:59,9
普通,higashibepu,東別府,10:01,10:02,10
普通,nishioita,西大分,10:09,10:10,11
普通,oita,大分,10:13,,12
普通,kamegawa,亀川,,11:00,1
普通,beppudaigaku,別府大学,11:02,11:03,2
普通,beppu,別府,11:06,11:06,3
普通,higashibepu,東別府,11:09,11:09,4
普通,nishioita,西大分,11:16,11:17,5
普通,hiji,日出,,11:48,1
普通,youtani,暘谷,11:50,11:50,2
普通,bugo_toyooka,豊後豊岡,11:53,11:53,3
普通,kamegawa,亀川,11:57,11:57,4
普通,beppudaigaku,別府大学,,11:59,12:00,5
普通,beppu,別府,12:03,12:03,6
普通,higashibepu,東別府,12:06,12:06,7
普通,nishioita,西大分,12:13,12:14,8
普通,kamegawa,亀川,,12:57,1
普通,beppudaigaku,別府大学,13:00,13:00,2
普通,beppu,別府,13:03,13:04,3
普通,higashibepu,東別府,13:06,13:07,4
普通,nishioita,西大分,13:14,13:14,5
普通,kitsuki,杵築,,12:56,1
普通,oogami,大神,13:00,13:04,2
普通,hiji,日出,13:07,13:08,3
普通,youtani,暘谷,13:10,13:10,4
普通,bugo_toyooka,豊後豊岡,13:13,13:14,5
普通,kamegawa,亀川,13:17,13:18,6
普通,beppudaigaku,別府大学,,13:20,13:20,7
普通,beppu,別府,13:24,13:29,8
普通,higashibepu,東別府,13:32,13:32,9
普通,nishioita,西大分,13:40,13:40,10
普通,hiji,日出,,13:53,1
普通,youtani,暘谷,13:55,13:55,2
普通,bugo_toyooka,豊後豊岡,13:59,13:59,3
普通,kamegawa,亀川,14:03,14:03,4
普通,beppudaigaku,別府大学,,14:05,14:06,5
普通,beppu,別府,14:09,14:10,6
普通,higashibepu,東別府,14:12,14:13,7
普通,nishioita,西大分,14:20,14:21,8
普通,hiji,日出,,14:51,1
普通,youtani,暘谷,14:53,14:53,2
普通,bugo_toyooka,豊後豊岡,14:56,14:57,3
普通,kamegawa,亀川,15:01,15:01,4
普通,beppudaigaku,別府大学,,15:04,15:04,5
普通,beppu,別府,15:08,15:08,6
普通,higashibepu,東別府,15:11,15:11,7
普通,nishioita,西大分,15:19,15:19,8
普通,kitsuki,杵築,,15:16,1
普通,oogami,大神,15:19,15:20,2
普通,hiji,日出,15:24,15:24,3
普通,youtani,暘谷,15:26,15:26,4
普通,bugo_toyooka,豊後豊岡,15:29,15:30,5
普通,kamegawa,亀川,15:33,15:34,6
普通,beppudaigaku,別府大学,,15:36,15:36,7
普通,beppu,別府,15:39,15:40,8
普通,higashibepu,東別府,15:43,15:43,9
普通,nishioita,西大分,15:50,15:51,10
普通,kamegawa,亀川,,15:56,1
普通,beppudaigaku,別府大学,15:59,16:00,2
普通,beppu,別府,16:03,16:03,3
普通,higashibepu,東別府,16:06,16:07,4
普通,nishioita,西大分,16:14,16:15,5
普通,nakayamaga,中山香,,15:48,1
普通,kitsuki,杵築,15:55,15:56,2
普通,oogami,大神,15:59,16:03,3
普通,hiji,日出,16:07,16:08,4
普通,youtani,暘谷,16:09,16:08,5
普通,bugo_toyooka,豊後豊岡,16:13,16:13,6
普通,kamegawa,亀川,16:17,16:17,7
普通,beppudaigaku,別府大学,16:20,16:20,8
普通,beppu,別府,16:24,16:32,9
普通,higashibepu,東別府,16:35,16:35,10
普通,nishioita,西大分,16:42,16:43,11
普通,kamegawa,亀川,,16:57,1
普通,beppudaigaku,別府大学,16:59,17:00,2
普通,beppu,別府,17:03,17:04,3
普通,higashibepu,東別府,17:06,17:07,4
普通,nishioita,西大分,17:14,17:17,5
普通,kitsuki,杵築,,16:57,1
普通,oogami,大神,17:01,17:04,2
普通,hiji,日出,17:08,17:08,3
普通,youtani,暘谷,17:11,17:11,4
普通,bugo_toyooka,豊後豊岡,17:14,17:15,5
普通,kamegawa,亀川,17:19,17:25,6
普通,beppudaigaku,別府大学,,17:28,17:28,7
普通,beppu,別府,17:32,17:32,8
普通,higashibepu,東別府,17:35,17:35,9
普通,nishioita,西大分,17:43,17:43,10
普通,oogami,大神,,17:31,1
普通,hiji,日出,17:34,17:35,2
普通,youtani,暘谷,17:36,17:37,3
普通,bugo_toyooka,豊後豊岡,17:39,17:40,4
普通,kamegawa,亀川,17:43,17:44,5
普通,beppudaigaku,別府大学,,17:46,17:46,6
普通,beppu,別府,17:50,17:57,7
普通,higashibepu,東別府,18:00,18:00,8
普通,nishioita,西大分,18:07,18:08,9
普通,oita,大分,18:11,,10
普通,kamegawa,亀川,,18:08,1
普通,beppudaigaku,別府大学,18:11,18:12,2
普通,beppu,別府,18:15,18:16,3
普通,higashibepu,東別府,18:18,18:19,4
普通,nishioita,西大分,18:26,18:27,5
普通,yanagigaura,柳ヶ浦,,17:29,1
普通,buzennagasu,豊前長洲,17:32,17:32,2
普通,usa,宇佐,17:36,17:37,3
普通,nishiyashiki,西屋敷,17:40,17:40,4
普通,tateishi,立石,17:44,17:45,5
普通,nakayama_ga,中山香,17:49,17:49,6
普通,kitsuki,杵築,17:56,17:57,7
普通,oogami,大神,18:01,18:04,8
普通,hiji,日出,18:08,18:08,9
普通,youtani,暘谷,18:10,18:10,10
普通,bugo_toyooka,豊後豊岡,18:13,18:14,11
普通,kamegawa,亀川,18:18,18:27,12
普通,beppudaigaku,別府大学,18:29,18:30,13
普通,beppu,別府,18:33,18:33,14
普通,higashibeppu,東別府,18:36,18:36,15
普通,nishioita,西大分,18:43,18:44,16
普通,nakayamaga,中山香,,18:11,1
普通,kitsuki,杵築,18:18,18:19,2
普通,oogami,大神,18:23,18:32,3
普通,hiji,日出,18:35,18:36,4
普通,youtani,暘谷,18:38,18:38,5
普通,bugo_toyooka,豊後豊岡,18:41,18:42,6
普通,kamegawa,亀川,18:46,18:51,7
普通,beppudaigaku,別府大学,18:54,18:55,8
普通,beppu,別府,18:58,18:59,9
普通,higashibepu,東別府,19:01,19:02,10
普通,nishioita,西大分,19:09,19:10,11
普通,kamegawa,亀川,,19:26,1
普通,beppudaigaku,別府大学,19:29,19:29,2
普通,beppu,別府,19:33,19:33,3
普通,higashibepu,東別府,19:36,19:36,4
普通,nishioita,西大分,19:44,19:45,5
普通,oita,大分,19:48,,6
普通,nakayamaga,中山香,,19:40,1
普通,kitsuki,杵築,19:47,19:48,2
普通,oogami,大神,19:51,19:52,3
普通,hiji,日出,19:55,19:56,4
普通,youtani,暘谷,19:57,19:58,5
普通,bugo_toyooka,豊後豊岡,20:01,20:01,6
普通,kamegawa,亀川,20:04,20:05,7
普通,beppudaigaku,別府大学,20:07,20:07,8
普通,beppu,別府,20:10,20:11,9
普通,higashibepu,東別府,20:13,20:14,10
普通,nishioita,西大分,20:21,20:22,11
普通,oita,大分,20:25,,12
普通,oogami,大神,,20:05,1
普通,hiji,日出,20:05,20:09,2
普通,youtani,暘谷,20:10,20:11,3
普通,bugo_toyooka,豊後豊岡,20:14,20:14,4
普通,kamegawa,亀川,20:17,20:18,5
普通,beppudaigaku,別府大学,,20:20,20:21,6
普通,beppu,別府,20:24,20:25,7
普通,higashibepu,東別府,20:27,20:28,8
普通,nishioita,西大分,20:35,20:36,9
普通,oita,大分,20:39,,10
普通,kamegawa,亀川,,20:32,1
普通,beppudaigaku,別府大学,20:34,20:35,2
普通,beppu,別府,20:38,20:38,3
普通,higashibepu,東別府,20:48,20:49,4
普通,nishioita,西大分,20:48,20:49,5
普通,nakayamaga,中山香,,20:30,1
普通,kitsuki,杵築,20:37,20:48,2
普通,oogami,大神,20:52,20:53,3
普通,hiji,日出,20:57,20:57,4
普通,youtani,暘谷,20:59,21:00,5
普通,bugo_toyooka,豊後豊岡,21:02,21:03,6
普通,kamegawa,亀川,21:06,21:07,7
普通,beppudaigaku,別府大学,21:09,21:10,8
普通,beppu,別府,21:13,21:13,9
普通,higashibepu,東別府,21:16,21:16,10
普通,nishioita,西大分,21:23,21:27,11
普通,oita,大分,21:27,,12
普通,nakayamaga,中山香,,20:30,1
普通,kitsuki,杵築,20:37,20:48,2
普通,oogami,大神,20:53,20:53,3
普通,hiji,日出,20:57,20:57,4
普通,youtani,暘谷,20:59,21:00,5
普通,bugo_toyooka,豊後豊岡,21:02,21:03,6
普通,kamegawa,亀川,21:06,21:07,7
普通,beppudaigaku,別府大学,21:09,21:10,8
普通,beppu,別府,21:13,21:13,9
普通,higashibepu,東別府,21:16,21:16,10
普通,nishioita,西大分,21:23,21:24,11
普通,oita,大分,21:27,,12
普通,kamegawa,亀川,,21:21,1
普通,beppudaigaku,別府大学,21:24,21:24,2
普通,beppu,別府,21:27,21:28,3
普通,higashibepu,東別府,21:30,21:31,4
普通,nishioita,西大分,21:38,20:39,5
普通,kamegawa,亀川,,22:06,1
普通,beppudaigaku,別府大学,22:08,22:09,2
普通,beppu,別府,22:12,22:12,3
普通,higashibepu,東別府,22:15,22:15,4
普通,nishioita,西大分,22:22,22:23,5
普通,nakayamaga,中山香,,22:24,1
普通,kitsuki,杵築,22:32,22:32,2
普通,oogami,大神,22:36,22:37,3
普通,hiji,日出,22:40,22:41,4
普通,youtani,暘谷,22:43,22:43,5
普通,bugo_toyooka,豊後豊岡,22:46,22:46,6
普通,kamegawa,亀川,22:50,22:50,7
普通,beppudaigaku,別府大学,22:52,22:53,8
普通,beppu,別府,22:56,22:56,9
普通,higashibepu,東別府,22:59,22:59,10
普通,nishioita,西大分,23:06,23:07,11
普通,oita,大分,23:10,,12
普通,hiji,日出,,23:29,1
普通,youtani,暘谷,23:30,23:31,2
普通,bugo_toyooka,豊後豊岡,23:33,23:34,3
普通,kamegawa,亀川,23:37,23:38,4
普通,beppudaigaku,別府大学,,23:40,23:40,5
普通,beppu,別府,23:43,23:44,6
普通,higashibepu,東別府,23:46,23:47,7
普通,nishioita,西大分,23:54,23:54,8
普通,oita,大分,23:58,,9